<?xml version="1.0" encoding="UTF-8"?>
<addon version="0.2">
    <title xml:lang="ko">플래닛 Bookmark 애드온</title>
    <title xml:lang="en">Planet Bookmark Add-Ons</title>
    <title xml:lang="es">Guardar planeta Add-Ons</title>
    <title xml:lang="zh-CN">微博收藏插件</title>
    <title xml:lang="zh-TW">微型部落格書籤</title>
    <title xml:lang="jp">プラネットブックマーク（Planet Bookmark）アドオン</title>
    <description xml:lang="ko">
        플래닛 Bookmark 애드온
    </description>
	<description xml:lang="en">
        Planet Bookmark Add-Ons
    </description>
	<description xml:lang="es">
        Guardar planeta Add-Ons
    </description>
    <description xml:lang="zh-CN">
        XE微博收藏插件。
    </description>
    <description xml:lang="zh-TW">
        微型部落格書籤功能
    </description>
    <description xml:lang="jp">
        プラネットブックマーク（Planet Bookmark）アドオン
    </description>
    <version>0.1.1</version>
    <date>2012-08-10</date>

    <author email_address="zero@zeroboard.com" link="http://blog.nzeo.com">
        <name xml:lang="ko">zero</name>
        <name xml:lang="es">zero</name>
        <name xml:lang="en">zero</name>
		<name xml:lang="vi">zero</name>
        <name xml:lang="jp">zero</name>
        <name xml:lang="zh-CN">zero</name>
        <name xml:lang="zh-TW">zero</name>
    </author>
    <author email_address="wincomi@wincomi.com" link="http://wincomi.com">
        <name xml:lang="ko">윈컴이</name>
        <name xml:lang="es">Wincomi</name>
        <name xml:lang="en">Wincomi</name>
        <name xml:lang="jp">Wincomi</name>
        <name xml:lang="zh-CN">Wincomi</name>
        <name xml:lang="zh-TW">Wincomi</name>
    </author>
</addon>
