<?xml version="1.0" encoding="UTF-8"?>
<skin version="0.2">
	<title xml:lang="ko">기본 플래닛 글 스킨</title>
	<title xml:lang="zh-CN">微博最新主题列表皮肤</title>
	<title xml:lang="zh-TW">微型部落格最新主題列表面板</title>
	<title xml:lang="jp">デフォルトプラネット書き込み表示スキン</title>
	<description xml:lang="ko">
		플래닛 글들을 출력하는 기본 위젯 스킨입니다.
	</description>
	<description xml:lang="zh-CN">
		微博最新主题列表皮肤。
	</description>
	<description xml:lang="zh-TW">
		微型部落格最新主題列表面板。
	</description>
	<description xml:lang="jp">
		プラネットの書き込みを表示するデフォルトスキンです。
	</description>
	<version>0.1</version>
	<date>2009-02-17</date>
	<link>http://www.zeroboard.com</link>

	<author email_address="zero@zeroboard.com" link="http://www.zeroboard.com">
		<name xml:lang="ko">zero</name>
		<name xml:lang="zh-CN">zero</name>
		<name xml:lang="zh-TW">zero</name>
		<name xml:lang="jp">zero</name>
	</author>
	<colorset>
        <color name="layout">
            <title xml:lang="ko">레이아웃에 맞춤</title>
            <title xml:lang="jp">レイアウトに合わせる</title>
            <title xml:lang="zh-CN">随布局</title>
            <title xml:lang="en">레이아웃에 맞춤</title>
            <title xml:lang="zh-TW">隨版面</title>
        </color>
        <color name="white">
            <title xml:lang="ko">하얀색(기본)</title>
            <title xml:lang="jp">白（デフォルト）</title>
            <title xml:lang="zh-CN">白色（默认）</title>
            <title xml:lang="en">White (default)</title>
            <title xml:lang="zh-TW">白色(預設)</title>
        </color>
        <color name="black">
            <title xml:lang="ko">검은색</title>
            <title xml:lang="jp">黒</title>
            <title xml:lang="en">Black</title>
            <title xml:lang="zh-CN">黑色</title>
            <title xml:lang="zh-TW">黑色</title>
        </color>
	</colorset>
</skin>
