<?xml version="1.0" encoding="UTF-8"?>
<module>
	<grants>
		<grant name="create" default="member">
			<title xml:lang="en">Create a planet</title>
			<title xml:lang="ko">플래닛 생성</title>
			<title xml:lang="jp">プラネット作成</title>
			<title xml:lang="zh-CN">生成微博</title>
			<title xml:lang="zh-TW">建立</title>
			<title xml:lang="fr">Create a planet</title>
			<title xml:lang="de">Create a planet</title>
			<title xml:lang="ru">Create a planet</title>
			<title xml:lang="es">Create a planet</title>
			<title xml:lang="tr">Create a planet</title>
			<title xml:lang="vi">Tạo Planet</title>
			<title xml:lang="mn">Create a planet</title>
		</grant>
		<grant name="write_document" default="member">
			<title xml:lang="en">Write a document</title>
			<title xml:lang="ko">글쓰기</title>
			<title xml:lang="jp">Write a document</title>
			<title xml:lang="zh-CN">Write a document</title>
			<title xml:lang="zh-TW">發表</title>
			<title xml:lang="fr">Write a document</title>
			<title xml:lang="de">Write a document</title>
			<title xml:lang="ru">Write a document</title>
			<title xml:lang="es">Write a document</title>
			<title xml:lang="tr">Write a document</title>
			<title xml:lang="vi">Gửi bài viết</title>
			<title xml:lang="mn">Write a document</title>
		</grant>
	</grants>
	<permissions>
		<permission action="dispPlanetCreate" target="member" />
		<permission action="procPlanetCreate" target="member" />

		<permission action="dispPlanetAdminSetup" target="manager" />
		<permission action="dispPlanetAdminInsert" target="manager" />
		<permission action="dispPlanetAdminList" target="manager" />
		<permission action="dispPlanetAdminSkinInfo" target="manager" />
		<permission action="dispPlanetAdminDelete" target="manager" />
		<permission action="dispPlanetAdminGrantInfo" target="manager" />
		<permission action="dispPlanetAdminAdditionalSetup" target="manager" />

		<permission action="procPlanetAdminInsertConfig" target="manager" />
		<permission action="procPlanetAdminInsert" target="manager" />
		<permission action="procPlanetAdminDelete" target="manager" />
	</permissions>
	<actions>
		<action name="dispPlanetLogin" type="view" />
		<action name="dispPlanetCreate" type="view" />

		<action name="rss" type="view" />

		<action name="dispPlanetHome" type="view" />
		<action name="dispPlanet" type="view" index="true" />
		<action name="dispPlanetInfo" type="view" />
		<action name="dispPlanetTag" type="view" />
		<action name="favorite" type="view" />
		<action name="countContentTagSearch" type="view" />

		<action name="dispPlanetMemo" type="view" />
		<action name="dispPlanetContent" type="view" />
		<action name="dispPlanetConetentReply" type="view" />
		<action name="dispPlanetConetentTag" type="view" />
		<action name="dispPlanetTopConetentTag" type="view" />
		<action name="dispPlanetTagSearch" type="view" />
		<action name="dispPlanetContentSearch" type="view" />
		<action name="dispPlanetContentTagSearch" type="view" />
		<action name="dispReplyList" type="view" />

		<action name="getPlanetMemoList" type="model" />
		<action name="getPlanetReplyList" type="model" />

		<action name="procPlanetDeleteDocument" type="controller" />
		<action name="procPlanetDeleteComment" type="controller" />

		<action name="procPlanetCreate" type="controller" />
		<action name="procPlanetColorsetModify" type="controller" />
		<action name="procPlanetPhotoModify" type="controller" />
		<action name="procPlanetContentWrite" type="controller" />
		<action name="procPlanetContentTagModify" type="controller" />
		<action name="procPlanetInsertMemo" type="controller" />
		<action name="procPlanetDeleteMemo" type="controller" />
		<action name="procPlanetInsertInterestTag" type="controller" />
		<action name="procPlanetDeleteInterestTag" type="controller" />
		<action name="procPlanetInsertFavorite" type="controller" />
		<action name="procPlanetMe2dayApi" type="controller" />

		<action name="procPlanetEnableRss" type="controller" />
		<action name="procPlanetDisableRss" type="controller" />

		<action name="procPlanetReplyWrite" type="controller" />
		<action name="procNotReadWelcome" type="controller" />
		<action name="procPlanetInfoModify" type="controller" />
		<action name="procPlanetVoteContent" type="controller" />


		<action name="dispPlanetAdminSetup" type="view" standalone="true" menu_name="planet" menu_index="true" admin_index="true" />
		<action name="dispPlanetAdminList" type="view" standalone="true" menu_name="planet" />
		<action name="dispPlanetAdminInsert" type="view" standalone="true" />
		<action name="dispPlanetAdminDelete" type="view" standalone="true" menu_name="planet" />
		<action name="dispPlanetAdminGrantInfo" type="view" standalone="true" menu_name="planet" />
		<action name="dispPlanetAdminSkinInfo" type="view" standalone="true" menu_name="planet" />
		<action name="dispPlanetAdminAdditionalSetup" type="view" standalone="true" menu_name="planet" />

		<action name="procPlanetAdminInsertConfig" type="controller" standalone="true" />
		<action name="procPlanetAdminInsert" type="controller" standalone="true" />
		<action name="procPlanetAdminDelete" type="controller" standalone="true" />

		<action name="procPlanetInsertSMS" type="controller" />
		<action name="procPlanetSetSMS" type="controller" />
	</actions>
	
	<menus>
		<menu name="planet" type="all">
			<title xml:lang="en">Planet</title>
			<title xml:lang="ko">플래닛</title>
			<title xml:lang="zh-CN">Planet</title>
			<title xml:lang="jp">Planet</title>
			<title xml:lang="es">Planet</title>
			<title xml:lang="ru">Planet</title>
			<title xml:lang="fr">Planet</title>
			<title xml:lang="zh-TW">Planet</title>
			<title xml:lang="vi">Planet</title>
			<title xml:lang="mn">Planet</title>
			<title xml:lang="tr">Planet</title>
		</menu>
	</menus>
</module>