<query id="getPopularDocuments" action="select">
    <tables>
        <table name="modules" alias="modules" />
        <table name="planet" alias="planet" />
        <table name="documents" alias="documents" />
        <table name="member" alias="member" />
    </tables>
    <columns>
        <column name="modules.mid" alias="mid" />
        <column name="planet.module_srl" alias="module_srl" />
        <column name="member.nick_name" alias="nick_name" />
        <column name="member.user_id" alias="user_id" />
        <column name="member.user_name" alias="user_name" />
        <column name="member.member_srl" alias="member_srl" />
        <column name="documents.document_srl" alias="document_srl" />
        <column name="documents.content" alias="content" />
        <column name="documents.comment_count" alias="comment_count" />
        <column name="documents.voted_count" alias="voted_count" />
        <column name="documents.tags" alias="tags" />
        <column name="documents.regdate" alias="regdate" />
    </columns>
    <conditions>
        <condition operation="equal" column="planet.module_srl" default="modules.module_srl" />
        <condition operation="equal" column="documents.module_srl" default="planet.module_srl" pipe="and" />
        <condition operation="equal" column="member.member_srl" default="documents.member_srl" pipe="and" />
    </conditions>
    <navigation>
        <index var="sort_index" default="documents.voted_count" order="desc" />
        <list_count var="list_count" default="10" />
        <page_count var="page_count" default="10" />
        <page var="page" default="1" />
    </navigation>
</query>
