<?xml version="1.0" encoding="UTF-8"?>
<addon version="0.2">
    <title xml:lang="ko">플래닛 TODO 애드온</title>
	<title xml:lang="en">Planet TODO</title>
    <title xml:lang="zh-CN">微博TODO插件</title>
    <title xml:lang="zh-TW">微型部落格 TODO 功能</title>
    <title xml:lang="jp">プラネット（Planet）TODOアドオン</title>
    <description xml:lang="ko">
        플래닛 TODO 애드온 - 수정 : 윈컴이 (http://wincomi.com)
    </description>
	<description xml:lang="en">
        This is Planet TODO addon. - Edit : Wincomi (http://wincomi.com)
    </description>
    <description xml:lang="zh-CN">
        XE微博TODO插件。 - Edit : Wincomi (http://wincomi.com)
    </description>
    <description xml:lang="zh-TW">
        微型部落格 TODO 功能 - Edit : Wincomi (http://wincomi.com)
    </description>
    <description xml:lang="jp">
        プラネット（Planet）TODOアドオン - Edit : Wincomi (http://wincomi.com)
    </description>
    <version>0.1.1</version>
    <date>2012-08-10</date>

    <author email_address="sol@ngleader.com" link="http://ngleader.com">
        <name xml:lang="ko">SOL군</name>
        <name xml:lang="jp">SOLgun</name>
        <name xml:lang="en">SOLgun</name>
		<name xml:lang="vi">SOLgun</name>
        <name xml:lang="zh-CN">SOLgun</name>
        <name xml:lang="zh-TW">SOLgun</name>
    </author>
    <author email_address="wincomi@wincomi.com" link="http://wincomi.com">
        <name xml:lang="ko">윈컴이</name>
        <name xml:lang="es">Wincomi</name>
        <name xml:lang="en">Wincomi</name>
        <name xml:lang="jp">Wincomi</name>
        <name xml:lang="zh-CN">Wincomi</name>
        <name xml:lang="zh-TW">Wincomi</name>
    </author>
</addon>
