<query id="getContents" action="select">
	<tables>
		<table name="modules" alias="modules" />
		<table name="planet" alias="planet" />
		<table name="documents" alias="documents" />
		<table name="member" alias="member" />
	</tables>
	<columns>
		<column name="modules.mid" alias="mid" />
		<column name="planet.module_srl" alias="module_srl" />
		<column name="member.nick_name" alias="nick_name" />
		<column name="member.user_id" alias="user_id" />
		<column name="member.user_name" alias="user_name" />
		<column name="member.member_srl" alias="member_srl" />
		<column name="documents.document_srl" alias="document_srl" />
		<column name="documents.content" alias="content" />
		<column name="documents.comment_count" alias="comment_count" />
		<column name="documents.voted_count" alias="voted_count" />
		<column name="documents.tags" alias="tags" />
		<column name="documents.regdate" alias="regdate" />
	</columns>
	<conditions>
		<condition operation="equal" column="planet.module_srl" default="modules.module_srl" pipe="and" />
		<condition operation="equal" column="documents.module_srl" default="planet.module_srl" pipe="and" />
		<condition operation="in" column="documents.document_srl" var="document_srls" pipe="and" />
		<condition operation="equal" column="member.member_srl" default="documents.member_srl" pipe="and" />
		<group pipe="and">
			<condition operation="like" column="documents.content" var="s_content" pipe="or" />
			<condition operation="like" column="documents.tags" var="s_tags" pipe="or" />
		</group>
	</conditions>
	<navigation>
		<index var="sort_index" default="documents.list_order" order="asc" />
	</navigation>
</query>
