<query id="getContentList" action="select">
	<tables>
		<table name="planet" alias="planet" />
		<table name="documents" alias="documents" />
	</tables>
	<columns>
		<column name="documents.document_srl" alias="document_srl" />
	</columns>
	<conditions>
		<condition operation="equal" column="planet.module_srl" default="documents.module_srl" />
		<condition operation="like_prefix" column="documents.regdate" var="date" pipe="and" />
	</conditions>
	<navigation>
		<index var="sort_index" default="documents.list_order" order="asc" />
		<list_count var="list_count" default="10" />
		<page_count var="page_count" default="10" />
		<page var="page" default="1" />
	</navigation>
	<groups>
		<group column="documents.module_srl" />
	</groups>
</query>
