<query id="getNextDate" action="select">
	<tables>
		<table name="modules" alias="modules" />
		<table name="documents" alias="documents" />
	</tables>
	<columns>
		<column name="min(documents.regdate)" alias="next_date" />
	</columns>
	<conditions>
		<condition operation="equal" column="modules.module" default="planet" />
		<condition operation="equal" column="modules.module_srl" default="documents.module_srl" pipe="and" />
		<condition operation="equal" column="documents.module_srl" var="module_srl" pipe="and" />
		<condition operation="more" column="documents.regdate" var="cur_date" notnull="notnull" pipe="and" />
	</conditions>
</query>
