<query id="getPlanetContentSearch" action="select">
	<tables>
		<table name="planet_content"/>
	</tables>
	<columns>
		<column name="*" />
	</columns>
	<conditions>
		<condition operation="equal" column="module_srl" var="module_srl" filter="number" />
		<condition operation="like" column="content" var="search_text" pipe="and" />
	</conditions>
	<navigation>
		<index var="sort_index" default="module_srl" order="desc" />
		<list_count var="list_count" default="20" />
		<page_count var="page_count" default="10" />
		<page var="page" default="1" />
	</navigation>
</query>
