<query id="getRssList" action="select">
	<tables>
		<table name="modules" alias="modules" />
		<table name="documents" alias="documents" />
	</tables>
	<columns>
		<column name="documents.*" />
	</columns>
	<conditions>
		<condition operation="equal" column="modules.module" default="planet" />
		<condition operation="equal" column="documents.module_srl" default="modules.module_srl" pipe="and" />
		<condition operation="equal" column="documents.module_srl" var="module_srl" pipe="and" />
	</conditions>
	<navigation>
		<index var="sort_index" default="documents.list_order" order="asc" />
		<list_count var="list_count" default="15" />
		<page_count var="page_count" default="10" />
		<page var="page" default="1" />
	</navigation>
</query>
