<?xml version="1.0" encoding="UTF-8"?>
<widget version="0.2">
	<title xml:lang="ko">플래닛 인기 글 출력</title>
	<title xml:lang="en">플래닛 인기 글 출력</title>
	<title xml:lang="zh-CN">플래닛 인기 글 출력</title>
	<title xml:lang="zh-TW">플래닛 인기 글 출력</title>
	<title xml:lang="jp">플래닛 인기 글 출력</title>
	<description xml:lang="ko">플래닛의 인기 글을 출력하는 위젯입니다.</description>
	<description xml:lang="en">플래닛의 인기 글을 출력하는 위젯입니다.</description>
	<description xml:lang="zh-CN">플래닛의 인기 글을 출력하는 위젯입니다.</description>
	<description xml:lang="zh-TW">플래닛의 인기 글을 출력하는 위젯입니다.</description>
	<description xml:lang="jp">플래닛의 인기 글을 출력하는 위젯입니다.</description>
	<version>0.1</version>
	<date>2009-08-07</date>

	<author email_address="zero@zeroboard.com" link="http://blog.nzeo.com">
		<name xml:lang="ko">zero</name>
		<name xml:lang="en">zero</name>
		<name xml:lang="zh-CN">zero</name>
		<name xml:lang="zh-TW">zero</name>
		<name xml:lang="jp">zero</name>
	</author>

	<extra_vars>
		<var id="list_count">
			<type>text</type>
			<name xml:lang="ko">목록수</name>
			<name xml:lang="zh-CN">目录数</name>
			<name xml:lang="jp">リスト数</name>
			<name xml:lang="en">The number of items</name>
			<name xml:lang="es">Número de la lista</name>
			<name xml:lang="ru">Число списка</name>
			<name xml:lang="zh-TW">目錄數</name>
			<description xml:lang="ko">출력될 목록의 수를 정하실 수 있습니다. (기본 5개)</description>
			<description xml:lang="zh-CN">可设置要显示的目录数。 (默认为5个)</description>
			<description xml:lang="jp">出力するリスト数を指定します（デフォルト5個）。</description>
			<description xml:lang="en">You can set the number of articles to be displayed. (default is 5)</description>
			<description xml:lang="es">Usted puede definir el número de los documentos a mostrar. (predefinido: 5)</description>
			<description xml:lang="ru">Вы можете выбрать число списка статей для отображения. (стандарт: 5)</description>
			<description xml:lang="zh-TW">設置要顯示的目錄數。(預設是5個)</description>
		</var>
		<var id="sort_index">
			<type>select</type>
			<name xml:lang="ko">정렬 대상</name>
			<name xml:lang="zh-CN">정렬 대상</name>
			<name xml:lang="jp">정렬 대상</name>
			<name xml:lang="en">정렬 대상</name>
			<name xml:lang="es">정렬 대상</name>
			<name xml:lang="ru">정렬 대상</name>
			<name xml:lang="zh-TW">정렬 대상</name>
			<description />
			<options>
				<value>documents.voted_count</value>
				<name xml:lang="ko">원츄수</name>
				<name xml:lang="en">원츄수</name>
				<name xml:lang="jp">원츄수</name>
				<name xml:lang="zh-CN">원츄수</name>
				<name xml:lang="es">원츄수</name>
				<name xml:lang="zh-TW">원츄수</name>
			</options>
			<options>
				<value>documents.comment_count</value>
				<name xml:lang="ko">댓글수</name>
				<name xml:lang="en">댓글수</name>
				<name xml:lang="jp">댓글수</name>
				<name xml:lang="zh-CN">댓글수</name>
				<name xml:lang="es">댓글수</name>
				<name xml:lang="zh-TW">댓글수</name>
			</options>
		</var>
		<var id="thumbnail_width">
			<type>text</type>
			<name xml:lang="ko">이미지 가로크기</name>
			<name xml:lang="jp">イメージ横幅のサイズ</name>
			<name xml:lang="zh-CN">宽度</name>
			<name xml:lang="en">Width of Image</name>
			<name xml:lang="es">Ancho de la imagen</name>
			<name xml:lang="ru">Ширина изображения</name>
			<name xml:lang="zh-TW">圖片寬度</name>
			<description xml:lang="ko">출력될 이미지의 가로크기를 정하실 수 있습니다. (기본 50)</description>
			<description xml:lang="jp">表示するイメージの横幅サイズを指定します（デフォルト50）。</description>
			<description xml:lang="zh-CN">可以指定要显示的图片宽度。(默认为50)</description>
			<description xml:lang="en">You can set the width of image. (50 as default)</description>
			<description xml:lang="es">Usted puede definir el ancho de la imagen. (predefinido:50px)</description>
			<description xml:lang="ru">Вы можете установить ширину изображения. (стандарт: 50px)</description>
			<description xml:lang="zh-TW">指定顯示的圖片寬度。(預設是50)</description>
		</var>
		<var id="thumbnail_height">
			<type>text</type>
			<name xml:lang="ko">이미지 세로크기</name>
			<name xml:lang="jp">イメージ縦幅のサイズ</name>
			<name xml:lang="zh-CN">高度</name>
			<name xml:lang="en">Height of Image</name>
			<name xml:lang="ru">Высота изображения</name>
			<name xml:lang="zh-TW">圖片高度</name>
			<description xml:lang="ko">이미지의 세로 크기를 지정할 수 있습니다. (기본 50px)</description>
			<description xml:lang="jp">イメージの縦幅サイズを指定します（デフォルト 50px）。</description>
			<description xml:lang="zh-CN">可以指定图片高度。(默认为50px)</description>
			<description xml:lang="en">You can set the height of image. (50 as default)</description>
			<description xml:lang="ru">Вы можете установить вытсоту изображения. (стандарт: 50px)</description>
			<description xml:lang="zh-TW">指定圖片高度。(預設是50px)</description>
		</var>
		<var id="allow_repetition">
			<type>select</type>
			<name xml:lang="ko">중복 허용</name>
			<name xml:lang="jp">重複可能</name>
			<name xml:lang="zh-CN">重复与否</name>
			<name xml:lang="en">Allow Repetition</name>
			<name xml:lang="ru">중복 허용</name>
			<name xml:lang="zh-TW">是否重複</name>
			<description xml:lang="ko">Y로 하시면 플래닛 멤버들의 중복을 검사하지 않고 무조건 최신순으로 글을 추출하여 출력합니다</description>
			<description xml:lang="jp">Yに設定すると、プラネットメンバーの重複をチェックせずに、とりあえず登録順に書き込みを抽出し、表示します。</description>
			<description xml:lang="zh-CN">
			允许重复：不管你发布了多少个主题，按时间顺列出；
			不重复：只列出每个用户的最近一个主题。
			</description>
			<description xml:lang="en">If you do not allow the repetition, this widget shows at most one article for one member</description>
			<description xml:lang="ru">Y로 하시면 플래닛 멤버들의 중복을 검사하지 않고 무조건 최신순으로 글을 추출하여 출력합니다</description>
			<description xml:lang="zh-TW">可重複：按照時間順序排列顯示主題；不重複：只會顯示用戶最近發表的主題。</description>
			<options>
				<value>N</value>
				<name xml:lang="ko">중복하지 않음</name>
				<name xml:lang="en">Not allow</name>
				<name xml:lang="jp">重複不可</name>
				<name xml:lang="zh-CN">不重复</name>
				<name xml:lang="es">중복하지 않음</name>
				<name xml:lang="zh-TW">不重複</name>
			</options>
			<options>
				<value>Y</value>
				<name xml:lang="ko">중복 허용</name>
				<name xml:lang="en">Allow</name>
				<name xml:lang="jp">重複可能</name>
				<name xml:lang="zh-CN">允许重复</name>
				<name xml:lang="es">중복 허용</name>
				<name xml:lang="zh-TW">可重複</name>
			</options>
		</var>
        <var id="show_author_name">
            <type>select</type>
            <name xml:lang="ko">글쓴이 표시</name>
            <name xml:lang="en">Display author's name</name>
			<name xml:lang="jp">投稿者表示</name>
            <options>
                <value>Y</value>
                <name xml:lang="ko">출력</name>
                <name xml:lang="en">Display</name>
                <name xml:lang="zh-CN">显示</name>
                <name xml:lang="zh-TW">顯示</name>
                <name xml:lang="jp">表示</name>
            </options>
            <options>
                <value>N</value>
                <name xml:lang="ko">출력하지 않음</name>
                <name xml:lang="en">Not display</name>
                <name xml:lang="zh-CN">不显示</name>
                <name xml:lang="zh-TW">不顯示</name>
                <name xml:lang="jp">非表示</name>
            </options>
        </var>
        <var id="show_number_of_comments">
            <type>select</type>
            <name xml:lang="ko">댓글수, 원츄수 표시</name>
            <name xml:lang="en">Display the number of comments and votes</name>
			<name xml:lang="jp">お勧め、ベスト表示</name>
            <options>
                <value>Y</value>
                <name xml:lang="ko">출력</name>
                <name xml:lang="en">Display</name>
                <name xml:lang="zh-CN">显示</name>
                <name xml:lang="zh-TW">顯示</name>
                <name xml:lang="jp">表示</name>
            </options>
            <options>
                <value>N</value>
                <name xml:lang="ko">출력하지 않음</name>
                <name xml:lang="en">Not display</name>
                <name xml:lang="zh-CN">不显示</name>
                <name xml:lang="zh-TW">不顯示</name>
                <name xml:lang="jp">非表示</name>
            </options>
        </var>
	</extra_vars>
</widget>
