<?xml version="1.0" encoding="UTF-8"?>
<skin version="0.2">
	<title xml:lang="ko">이온디 그레이 플래닛 글 스킨</title>
	<title xml:lang="zh-CN">微博最新主题列表皮肤</title>
	<title xml:lang="zh-TW">微型部落格最新主題列表面板</title>
	<title xml:lang="jp">デフォルトプラネット書き込み表示スキン</title>
	<description xml:lang="ko">
		플래닛 글들을 출력하는 위젯 스킨입니다.
	</description>
	<version>0.3</version>
	<date>2010-11-15</date>
	<link>http://eond.com</link>

	<author email_address="eond@eond.com" link="http://eond.com">
		<name xml:lang="ko">이온디</name>
	</author>
	<colorset>
        <color name="layout">
            <title xml:lang="ko">레이아웃에 맞춤</title>
        </color>
        <color name="white">
            <title xml:lang="ko">하얀색(기본)</title>
        </color>
        <color name="black">
            <title xml:lang="ko">검은색</title>
        </color>
	</colorset>
</skin>
